song_name,artist,album,genre
Memories - Dillon Francis Remix,Maroon 5,Memories),Pop
Here With Me,Marshmello,Here With Me,Pop
Stay,Zedd,Stay,Pop
Clarity,Zedd,Clarity,Pop
Solo (feat. Demi Lovato),Clean Bandit,Solo (feat. Demi Lovato),Pop
Scared to Be Lonely,Martin Garrix,Scared to Be Lonely,Pop
Friends (with BloodPop®),Justin Bieber,Friends,Pop
RITMO (Bad Boys For Life),The Black Eyed Peas,RITMO (Bad Boys For Life),Pop
Promises (with Sam Smith),Calvin Harris,Promises (with Sam Smith),Pop
Light,San Holo,Light,Pop
2U,David Guetta,2U,Pop
Something Just Like This,The Chainsmokers,Memories...Do Not Open,Pop
One Kiss (with Dua Lipa),Calvin Harris,One Kiss (with Dua Lipa),Pop
This Is What You Came For,Calvin Harris,This Is What You Came For,Pop
Wake Me Up,Avicii,True,Pop
Firework,Katy Perry,Teenage Dream,Pop
Anything Could Happen,Ellie Goulding,Halcyon,Pop
Poker Face,Lady Gaga,The Fame,Pop
How Deep Is Your Love,Calvin Harris,How Deep Is Your Love,Pop
So Close,NOTD,So Close (feat. Georgia Ku),Pop
Look Into My Eyes,Brando,Look Into My Eyes,Pop
Not in Control,Glaceo,Not in Control,Pop
Don't Waste My Time,Kharfi,Don't Waste My Time,Pop
Beat Of My Heart,Lost Frequencies,Alive And Feeling Fine,Pop
Don't Start Now - Kungs Remix,Dua Lipa,Don't Start Now (Kungs Remix),Pop
Drunken Truth,Steve Void,The Seed EP,Pop
Jacques,Jax Jones,Jacques,Pop
Something Real,Armin van Buuren,Balance,Pop
Thorns,Faustix,Thorns,Pop
Forever,Martin Garrix,Forever,Pop
The Days,Avicii,The Days / Nights,Pop
My Way,Calvin Harris,My Way,Pop
Happy Now,Zedd,Happy Now,Pop
I Believe,Youngheart,I Believe,Pop
Come To Life,Neon Feather,Come To Life,Pop
Neighbour,Verses,Neighbour,Pop
Thraa,Doje,Thraa,Pop
Instant Crush,Daft Punk,Random Access Memories,Pop
Yellow Hearts,Ant Saunders,Yellow Hearts,Pop
Sass Cafe,Josh Stanley,Sass Cafe,Pop
Pumped Up Kicks,Foster The People,Torches,Pop
We Can't Stop,Miley Cyrus,Bangerz,Pop
Sweet Dreams,The FifthGuys,Sweet Dreams,Pop
All of Me,John Legend,Love In The Future,Pop
Cry for Me,Camila Cabello,Cry for Me,Pop
Lose You To Love Me,Selena Gomez,Lose You To Love Me,Pop
Memories,Maroon 5,Memories,Pop
Heaven,Avicii,TIM,Pop
Who's Got Your Love,Cheat Codes,Who's Got Your Love,Pop
Down Low,Astrid S,Down Low,Pop
Favorite Part Of Me,Astrid S,Down Low,Pop
Years,Astrid S,Down Low,Pop
Home with You,Madison Beer,As She Pleases,Pop
Dear Society,Madison Beer,Dear Society,Pop
All Day And Night,Jax Jones,Snacks,Pop
All For Love,Madison Beer,All For Love,Pop
Dead,Madison Beer,Dead,Pop
Sidelove,Astrid S,Down Low,Pop
everything i wanted,Billie Eilish,everything i wanted,Pop
Doing To Me,Astrid S,Trust Issues,Pop
Young And Beautiful,Lana Del Rey,Young And Beautiful,Pop
Stitches,Shawn Mendes,Handwritten,Pop
Bad Liar,Selena Gomez,Bad Liar,Pop
Most Girls,Hailee Steinfeld,Most Girls,Pop
Swish Swish,Katy Perry,Witness,Pop
Sorry,Justin Bieber,Purpose,Pop
Blank Space,Taylor Swift,1989,Pop
Treat You Better,Shawn Mendes,Illuminate,Pop
Same Old Love,Selena Gomez,Revival,Pop
"thank u, next",Ariana Grande,"thank u, next",Pop
Dark Horse,Katy Perry,PRISM,Pop
PhotogRaph,Ed Sheeran,x,Pop
Best Day Of My Life,American Authors,"Oh, What A Life",Pop
Take Me To Church,Hozier,Hozier,Pop
Lose You To Love Me,Selena Gomez,Rare,Pop
Wrong Direction,Hailee Steinfeld,Wrong Direction,Pop
Adore You,Harry Styles,Fine Line,Pop
7 rings,Ariana Grande,"thank u, next",Pop
Teeth,5 Seconds of Summer,13 Reasons Why (Season 3),Pop
Without Me,Halsey,Without Me,Pop
2002,Anne-Marie,Speak Your Mind (Deluxe),Pop
Bang Bang,Jessie J,Sweet Talker,Pop
You Need To Calm Down,Taylor Swift,Lover,Pop
Meant to Be (feat. Florida Georgia Line),Bebe Rexha,Expectations,Pop
Scars To Your Beautiful,Alessia Cara,Know-It-All (Deluxe),Pop
Woman Like Me (feat. Nicki Minaj),Little Mix,LM5 (Deluxe),Pop
Because of You,Kelly Clarkson,Breakaway,Pop
Strip That Down (feat. Quavo),Liam Payne,LP1,Pop
Rewrite The Stars,Zac Efron,Rewrite The Stars,Pop
Hate Me (with Juice WRLD),Ellie Goulding,Hate Me (with Juice WRLD),Pop
Somebody To You,The Vamps,Meet The Vamps,Pop
Pretty Brown Eyes,Cody Simpson,Surfers Paradise,Pop
I Like Me Better,Lauv,I Like Me Better,Pop
Something About the Sunshine,Anna Margaret,Starstruck (Original Motion Picture Soundtrack),Pop
Who Will I Be,Demi Lovato,Camp Rock OST,Pop
Introducing Me,Nick Jonas,Camp Rock 2: The Final Jam,Pop
Play My Music,Jonas Brothers,Camp Rock OST,Pop
Mine,Bazzi,COSMIC,Pop
Lovin' So Hard,Becky G,Lovin' So Hard,Pop
Shower,Becky G,Shower,Pop
Kiss You,One Direction,Take Me Home: Yearbook Edition,Pop
22,Taylor Swift,22,Pop
Can We Dance,The Vamps,Can We Dance,Pop
What the Hell,Avril Lavigne,Goodbye Lullaby,Pop
Hair,Little Mix,Hair,Pop
Baby,Justin Bieber,My World 2.0,Pop
No Control,One Direction,FOUR (Deluxe),Pop
Animals,Maroon 5,V,Pop
Over That,Emily Vaughn,Over That,Pop
Yellow Hearts,Ant Saunders,Yellow Hearts,Pop
useless,RUFUS,useless,Pop
Poker Face,Lady Gaga,The Fame,Pop
She Looks So Perfect,5 Seconds of Summer,5 Seconds Of Summer,Pop
Firework,Katy Perry,Teenage Dream,Pop
California Gurls,Katy Perry,Katy Perry - Teenage Dream: The Complete Confection,Pop
Save As Draft,Katy Perry,Witness,Pop
Miami,Nicki Minaj,Queen,Pop
Bon appétit,Katy Perry,Witness,Pop
Chained To The Rhythm,Katy Perry,Witness,Pop
Witness,Katy Perry,Witness,Pop
Miss You More,Katy Perry,Witness,Pop
Act My Age,Katy Perry,Witness,Pop
Chun-Li,Nicki Minaj,Queen,Pop
Hey Hey Hey,Katy Perry,Witness,Pop
Youth feat. Khalid,Shawn Mendes,Shawn Mendes,Pop
God is a woman,Ariana Grande,Sweetener,Pop
sweetener,Ariana Grande,Sweetener,Pop
no tears left to cry,Ariana Grande,Sweetener,Pop
goodnight n go,Ariana Grande,Sweetener,Pop
successful,Ariana Grande,Sweetener,Pop
7 rings,Ariana Grande,7 rings,Pop
R.E.M,Ariana Grande,Sweetener,Pop
Gorgeous,Taylor Swift,reputation (Big Machine Radio Release Special),Pop
R.E.M,Ariana Grande,Sweetener,Pop
pete davidson,Ariana Grande,Sweetener,Pop
raindrops (an angel cried),Ariana Grande,Sweetener,Pop
NASA,Ariana Grande,"thank u, next",Pop
ghostin,Ariana Grande,"thank u, next",Pop
Breaking Free,Melodyia Music,Now Or Never,Pop
Starstruck,Christopher Wilde,StarStruck,Pop
7 Things - Single Version,Miley Cyrus,Breakout,Pop
Big Time Rush,Big Time Rush,BTR,Pop
Moves Like Jagger,Maroon 5,Singles,Pop
This Love,Maroon 5,Songs About Jane: 10th Anniversary Edition,Pop
Little Talks,Of Monsters and Men,My Head Is An Animal,Pop
One More Night,Maroon 5,Overexposed Track By Track,Pop
Counting Stars,OneRepublic,Native,Pop
Shape of You,Ed Sheeran,÷,Pop
I Kissed A Girl,Katy Perry,One Of The Boys,Pop
Part Of Me,Katy Perry,Katy Perry - Teenage Dream: The Complete Confection,Pop
The Heart Wants What It Wants,Selena Gomez,The Heart Wants What It Wants,Pop
Trumpets,Jason Derulo,Tattoos,Pop
Starboy,The Weeknd,Starboy,Pop
We Are Never Ever Getting Back Together,Taylor Swift,Red,Pop
Can't Help Falling in Love,Christian Leave,Hope,Pop
I Don't Fuck With You,Big Sean,Dark Sky Paradise,Pop
I Feel It Coming,The Weeknd,Starboy,Pop
All About Us,He Is We,My Forever,Pop
As Long As You Love Me,Justin Bieber,Believe,Pop
22,Taylor Swift,Red,Pop
Burn,Ellie Goulding,Halcyon Days,Pop
Love Me Like You Do,Ellie Goulding,Fifty Shades Freed,Pop
They Don't Know About Us,One Direction,Take Me Home: Yearbook Edition,Pop
Cry Me a River,Justin Timberlake,Justified,Pop
What About Love,Austin Mahone,The Secret,Pop
Rude,MAGIC!,Don't Kill the Magic,Pop
Fire Burning,Sean Kingston,Tomorrow,Pop
Mirrors,Justin Timberlake,The 20/20 Experience,Pop
Thinking out Loud,Ed Sheeran,x,Pop
Faded,Alan Walker,Faded,Pop
No Lie,Sean Paul,No Lie,Pop
Cheap Thrills,Sia,This Is Acting,Pop
Lucky Strike,Troye Sivan,Bloom,Pop
Hope,The Chainsmokers,Sick Boy,Pop
Bad Liar,Imagine Dragons,Bad Liar,Pop
Rise,Jonas Blue,Rise,Pop
1999,Charli XCX,1999,Pop
Right Now,Nick Jonas,Right Now,Pop
No Place,Backstreet Boys,No Place,Pop
Happy Now,Zedd,Happy Now,Pop
LET YOU BE RIGHT,Meghan Trainor,LET YOU BE RIGHT,Pop
Night Like This,Shawn Desman,Fresh,Pop
High School Dropout,Neon Dreams,High School Dropout,Pop
Slow Hands,Niall Horan,Flicker (Deluxe),Pop
Undrunk,FLETCHER,Undrunk,Pop
Best I Ever Had,Drake,Thank Me Later (Int'l Version),Pop
Connection,OneRepublic,Connection,Pop
Yours,Lo Lo,Yours,Pop
8 Letters,Why Don't We,8 Letters,Pop
Preach,John Legend,Preach,Pop
Love Me,Felix Cartal,Love Me,Pop
Can't Breathe,Fefe Dobson,Joy,Pop
In the Name of Love,Martin Garrix,In the Name of Love,Pop
Kill Em With Kindness,Selena Gomez,Revival (Deluxe),Pop
I Would Like,Zara Larsson,I Would Like,Pop
Instant Crush,Daft Punk,Random Access Memories,Pop
Faded - Dash Berlin Remix,Alan Walker,Faded (Remixes),Pop
One More Time,Daft Punk,Discovery,Pop
Never Forget You,Zara Larsson,Never Forget You,Pop
Smash the Funk,GRiZ,Mad Liberation,Pop
Go Fuck Yourself,Two Feet,First Steps,Pop
Starboy,The Weeknd,Starboy,Pop
Cheap Thrills,Sia,This Is Acting,Pop
We Don't Talk Anymore,Charlie Puth,Nine Track Mind,Pop
Roses,The Chainsmokers,Roses,Pop
One Dance,Drake,One Dance,Pop
Dangerous (feat. Sam Martin),David Guetta,Listen,Pop
Radioactive,Imagine Dragons,Night Visions,Pop
Send My Love (To Your New Lover),Adele,25,Pop
Blame,Calvin Harris,Motion,Pop
Waiting For Love,Avicii,Stories,Pop
Chandelier,Sia,1000 Forms Of Fear,Pop
Can't Feel My Face,The Weeknd,Beauty Behind The Madness,Pop
Dark Horse,Katy Perry,PRISM (Deluxe),Pop
Stay,Zedd,Stay,Pop
Let Me Love You,DJ Snake,Encore,Pop
Paper Planes,M.I.A.,Kala,Pop
Never Be Alone,TheFatRat,Never Be Alone,Pop
Limitless,Elektronomia,Limitless,Pop
Revolution,Diplo,Revolution,Pop
Cold Water,Major Lazer,Cold Water,Pop
Audio,Sia,Audio,Pop
Stole the Show,Kygo,Cloud Nine,Pop
On & On,Cartoon,On & On,Pop
Why We Lose,Cartoon,Why We Lose,Pop
Animals,Maroon 5,V,Pop
I'd Love To Change The World - Matstubs Remix,Jetta,I'd Love To Change The World (Matstubs Remix),Pop
All We Know,The Chainsmokers,All We Know,Pop
Let Me Hold You (Turn Me On),Cheat Codes,Let Me Hold You (Turn Me On),Pop
Lush Life,Zara Larsson,So Good,Pop
Waiting For Love,Avicii,Stories,Pop
One Dance,Drake,Views,Pop
Somebody Else,Zonoma,Somebody Else,Pop
Attention,Charlie Puth,Attention,Pop
Hunter,Galantis,Hunter,Pop
Stay (with Alessia Cara),Zedd,Stay,Pop
Do You Mean,The Chainsmokers,World War Joy...Do You Mean,Pop
The Heart Wants What It Wants,Selena Gomez,For You,Pop
No Vacancy (feat. Amir),OneRepublic,Addictions,Pop
Under Control,Calvin Harris,Motion,Pop
Let Me Love You,DJ Snake,Encore,Pop
Animals,Maroon 5,V,Pop
Talk Dirty (feat. 2 Chainz),Jason Derulo,Tattoos,Pop
Treat You Better,Shawn Mendes,Illuminate,Pop
Wish You Were Here - Radio Edit,The.madpix.project,Wish You Were Here,Pop
Together,Martin Garrix,Seven,Pop
Mandy,Ian Storm,Mandy,Pop
when u come around,Jay-C,when u come around,Pop
Into Your Arms,Kxa,Into Your Arms,Pop
Solo Dance,Martin Jensen,Solo Dance,Pop
Don't Wanna Know,Maroon 5,Don't Wanna Know,Pop
I Feel It Coming,The Weeknd,Starboy,Pop
Lady (feat. Pitbull),Austin Mahone,For Me+You,Pop
By Your Side,Jonas Blue,By Your Side,Pop
Shed a Light,Robin Schulz,Shed A Light,Pop
Counting Stars,OneRepublic,Native,Pop
Mercy,Shawn Mendes,Illuminate,Pop
A Sky Full of Stars,Coldplay,Ghost Stories,Pop
Adventure of a Lifetime,Coldplay,A Head Full of Dreams,Pop
Be the One,Dua Lipa,Dua Lipa (Deluxe),Pop
Mask Off,Future,FUTURE,Pop
In My Feelings,Drake,Scorpion,Pop
God's Plan,Drake,Scorpion,Pop
No Lie,Sean Paul,Mad Love The Prequel,Pop
One Dance,Drake,Views,Pop
What Lovers Do (feat. SZA),Maroon 5,Red Pill Blues (Deluxe),Pop
Passionfruit,Drake,More Life,Pop
She Will Be Loved ,Maroon 5,Songs About Jane,Pop
Maps,Maroon 5,V,Pop
Yellow,Coldplay,Parachutes,Pop
Fix You,Coldplay,X&Y,Pop
Viva La Vida,Coldplay,Viva La Vida or Death and All His Friends,Pop
Somebody Else,The 1975,"I like it when you sleep, for you are so beautiful yet so unaware of it",Pop
Controlla,Drake,Views,Pop
Symphony (feat. Zara Larsson),Clean Bandit,Symphony (feat. Zara Larsson),Pop
I Miss You (feat. Julia Michaels),Clean Bandit,I Miss You (feat. Julia Michaels),Pop
Wake Me Up,Avicii,True,Pop
Without You (feat. Sandro Cavazza),Avicii,AVĪCI (01),Pop
Lonely Together (feat. Rita Ora),Avicii,AVĪCI (01),Pop
The Nights,Avicii,The Days / Nights,Pop
You Make Me,Avicii,True,Pop
For A Better Day,Avicii,Stories,Pop
Addicted To You,Avicii,True,Pop
Talk To Myself,Avicii,Stories,Pop
Too Close,Prismo,Too Close,Pop
do re mi,blackbear,digital druglord,Pop
hot girl bummer,blackbear,hot girl bummer,Pop
Dear God,Confetti,Dear God,Pop
i miss the old u,blackbear,digital druglord,Pop
goosebumps,Travis Scott,Birds In The TRap Sing McKnight,Pop
Turbo Killer,Carpenter Brut,TRILOGY,Pop
One More Night,Maroon 5,Overexposed Track By Track,Pop
The Scientist,Coldplay,A Rush of Blood to the Head,Pop
Treat You Better,Shawn Mendes,Illuminate,Pop
Payphone,Maroon 5,Overexposed Track By Track,Pop
Clocks,Coldplay,A Rush of Blood to the Head,Pop
Hypnotised,Franc Moody,Dance Moves,Pop
Carluccio,Loyle Carner,"Not Waving, But Drowning",Pop
Julia,Jungle,Jungle,Pop
So Good Looking,The Kooks,So Good Looking,Pop
Still Beating,Mac DeMarco,This Old Dog,Pop
Feeling Lonely,boy pablo,Soy Pablo,Pop
Dance Moves,Franc Moody,Dance Moves,Pop
Wildflower,Joe Corfield,Chillhop Essentials Spring 2018,Pop
Enough to Believe,Bob Moses,Battle Lines,Pop
No Pressure,The Kooks,Let's Go Sunshine,Pop
Sisters,Leoniden,Leoniden,Pop
Dreams,Beck,Colors,Pop
Dissolve Me,alt-J,An Awesome Wave,Pop
Dopamine,Franc Moody,Dopamine,Pop
Nightgowns,Tom Misch,Beat Tape 2,Pop
Time,Jungle,Jungle,Pop
The Sun,Myd,All Inclusive,Pop
Overnight,Parcels,Overnight,Pop
Could Be Fun,Banana Club,Could Be Fun,Pop
Fool's Gold,Tessa Kaye,Fool's Gold,Pop
flowerbeds,Sfven,flowerbeds,Pop
Build Me Up Buttercup,Keni,Build Me Up Buttercup,Pop
Uncut Larry Smith,Larry Smith,Uncut Larry Smith,Pop
Home,Fortuno,Home,Pop
All Over Me,Cards,All Over Me,Pop
Odeia,I See Colors,ZzZz,Pop
Against Us,Telehope,Against Us,Pop
My Darling Heart,J.Pappas,My Darling Heart,Pop
Daydreaming,Fletcher Reed,Daydreaming,Pop
Cold,Tempi,Cold,Pop
To Comprehend,Marrakesh,To Comprehend,Pop
Tomorrow,Dawson Hollow,Double Single,Pop
Happy,Noa Jamir,Happy,Pop
Missing Piece,Honey Butter,Honey Butter,Pop
Well Known,Atlas in Motion,Well Known,Pop
Twisted,Sophie Gray,Twisted,Pop
Everything,DARKMINDS,Everything,Pop
Stockholm,Atlas Genius,Inanimate Objects,Pop
Sweet Talk,Saint Motel,saintmotelevision,Pop
Miss You Like Hell,Nightly,The Sound Of Your Voice,Pop
New Friends,Maty Noyes,Love Songs From A Lolita,Pop
Say the Word,Emily Vaughn,Say the Word,Pop
Something New,Secret Weapons,As the setting sun comes crashing down on me,Pop
Navigator,MOONZz,Navigator,Pop
Dreaming,Smallpools,LOVETAP!,Pop
Fire Alarm,Castlecomer,Castlecomer,Pop
Kidnap Me,CRUISR,All Over,Pop
Take It or Leave It,Great Good Fine Ok,III,Pop
"Hurry, Hurry",Air Traffic Controller,Nordo,Pop
Ready For You,Hunter Hunted,Ready For You,Pop
A Phone Call In Amsterdam,Valley,MAYBE,Pop
Feeling Electric,Parade of Lights,Feeling Electric,Pop
Don't Change Me,Kid Runner,Don't Change Me,Pop
Two High,Moon Taxi,Let The Record Play,Pop
Brazooka,NVDES,Brazooka,Pop
Feel,Victors,Feel,Pop
Cold Cold Man,Saint Motel,My Type EP,Pop
Careless,Vacation Manor,"Girl, Say",Pop
Golden Age,The Electric Sons,Golden Age,Pop
Back Together,Loote,Back Together,Pop
Guru,Coast Modern,Coast Modern,Pop
Once In a While,Timeflies,Once In a While,Pop
You & Me,Marc E. Bassy,Groovy People,Pop
Starving,Hailee Steinfeld,Starving,Pop
Fast Car,Jonas Blue,Fast Car,Pop
Lush Life,Zara Larsson,Lush Life,Pop
Don't Wanna Know,Maroon 5,Don't Wanna Know,Pop
Solo Dance,Martin Jensen,Solo Dance,Pop
Debut,Maria Hazell,Debut,Pop
All Night,The Vamps,All Night,Pop
Whole Heart,Gryffin,Whole Heart,Pop
Sexual,NEIKED,Sexual,Pop
Runaways,Sam Feldt,Runaways,Pop
Let Me Hold You (Turn Me On),Cheat Codes,Let Me Hold You (Turn Me On),Pop
Inside the Lines,Mike Perry,Inside the Lines,Pop
Kids,OneRepublic,Oh My My,Pop
Waiting For Love,Avicii,Stories,Pop
Wild Things,Alessia Cara,Know-It-All (Deluxe),Pop
The Nights,Avicii,The Nights (Avicii By Avicii),Pop
Kanye,The Chainsmokers,Kanye,Pop
Paradise,Coldplay,Mylo Xyloto,Pop
Happy,Oh Wonder,Happy,Pop
I'll Be Good,Jaymes Young,Feel Something,Pop
Highway,Cheat Codes,Highway,Pop
Bad At Love,Halsey,hopeless fountain kingdom (Deluxe),Pop
One Dance,Drake,Views,Pop
Takeaway (feat. Lennon Stella),The Chainsmokers,World War Joy...Takeaway,Pop
Say My Name,David Guetta,Say My Name,Pop
Con Calma,Daddy Yankee,Con Calma,Pop
Harder,Jax Jones,Snacks,Pop
Call You Mine,The Chainsmokers,World War Joy,Pop
Never Really Over,Katy Perry,Never Really Over,Pop
Enemies,Lauv,I met you when I was 18. (the playlist),Pop
Lost In Japan,Shawn Mendes,Shawn Mendes,Pop
Señorita,Shawn Mendes,Señorita,Pop
I Don't Care (with Justin Bieber),Ed Sheeran,I Don't Care (with Justin Bieber),Pop
Paradise,Bazzi,Paradise,Pop
So Am I,Ava Max,So Am I,Pop
If I Can't Have You,Shawn Mendes,If I Can't Have You,Pop
ME! (feat. Brendon Urie of Panic! At The Disco),Taylor Swift,ME!,Pop
Boy With Luv (feat. Halsey),BTS,MAP OF THE SOUL : PERSONA,Pop
A Different Way (with Lauv),DJ Snake,A Different Way (with Lauv),Pop
No Brainer,DJ Khaled,No Brainer,Pop
New Rules,Dua Lipa,Dua Lipa (Deluxe),Pop
7 rings,Ariana Grande,7 rings,Pop
No Sleep (feat. Bonn),Martin Garrix,No Sleep (feat. Bonn),Pop
Who Do You Love,The Chainsmokers,Who Do You Love,Pop
There's Nothing Holdin' Me Back,Shawn Mendes,Illuminate,Pop
Anywhere,Rita Ora,Anywhere,Pop
Like I Do,David Guetta,Like I Do,Pop
FRIENDS,Marshmello,FRIENDS,Pop
Polaroid,Jonas Blue,Polaroid,Pop
Came Here for Love,Sigala,Came Here for Love,Pop
How Long,Charlie Puth,Voicenotes,Pop
Part Of Me,Katy Perry,Teenage Dream: The Complete Confection,Pop
Last Friday Night (T.G.I.F.),Katy Perry,Katy Perry - Teenage Dream: The Complete Confection,Pop
Time of Our Lives,Pitbull,Globalization,Pop
I'm a Mess,Bebe Rexha,Expectations,Pop
The Way I Am,Charlie Puth,Voicenotes,Pop
Jackie Chan,Tiësto,Jackie Chan,Pop
Rise,Jonas Blue,Rise,Pop
Solo (feat. Demi Lovato),Clean Bandit,Solo (feat. Demi Lovato),Pop
One Kiss (with Dua Lipa),Calvin Harris,One Kiss (with Dua Lipa),Pop
Lean On (feat. MØ & DJ Snake),Major Lazer,Peace Is The Mission,Pop
Ain't My Fault,Zara Larsson,So Good,Pop
Unbelievable,Why Don't We,Unbelievable,Pop
Ciao Adios,Anne-Marie,Ciao Adios,Pop
I Want You To Know,Zedd,True Colors,Pop
No One Compares To You,Jack & Jack,A Good Friend Is Nice,Pop
Dance Monkey,Tones and I,Dance Monkey,Pop
Higher Love,Kygo,Higher Love,Pop
Lalala,Y2K,Lalala,Pop
Look At Her Now,Selena Gomez,Look At Her Now,Pop
Truth Hurts,Lizzo,Good as Hell,Pop
Don't Start Now,Dua Lipa,Don't Start Now,Pop
Goodbyes (Feat. Young Thug),Post Malone,Goodbyes (Feat. Young Thug),Pop
Bad Liar,Imagine Dragons,Origins (Deluxe),Pop
Lost Control,Alan Walker,Different World,Pop
My Oh My (feat. DaBaby),Camila Cabello,Romance,Pop
sex,EDEN,i think you think too much of me,Pop
Blinding Lights,The Weeknd,Blinding Lights,Pop
U DO U,Yung Scuff,U DO U,Pop
2025,Bohdi,2025,Pop
Nowhere,Gavin Haley,Half Evil,Pop
Hard,Noah Neiman,Hard,Pop
Lonely,Walk Off the Earth,Lonely,Pop
The New Insane,COUNTERFEIT.,The New Insane,Pop
Rich & Sad,PLVTINUM,Rich & Sad,Pop
Cloud 9,Beach Bunny,Cloud 9,Pop
New York,Jake Isaac,New York,Pop
Forever,Jacquie,Infinity,Pop
me & ur ghost,blackbear,me & ur ghost,Pop
Cold Cold Cold,Cage The Elephant,Tell Me I'm Pretty,Pop
Sweater Weather,The Neighbourhood,I Love You.,Pop
Hiding,JR JR,The Speed of Things,Pop
From Finner,Of Monsters and Men,My Head Is An Animal,Pop
Heartbreaker,Bad Suns,Disappear Here,Pop
Cardiac Arrest,Bad Suns,Language & Perspective,Pop
B Side,San Cisco,B Side,Pop
The Winds of Change,St. Lucia,Matter,Pop
Not Ready Anymore,The Griswolds,Be Impressive,Pop
Myke Ptyson,STRFKR,Starfucker,Pop
Ultralife,Oh Wonder,Ultralife,Pop
Lo-Fi Children,Wild Party,Phantom Pop,Pop
Shot At The Night,The Killers,Direct Hits,Pop
12:51,The Strokes,Room On Fire,Pop
When I Get Older,Wild Party,Phantom Pop,Pop
Carry Your Throne,Jon Bellion,The Definition,Pop
In Your Arms,Kina Grannis,Stairwells,Pop
Violence,TENDER,Violence,Pop
Outside,TENDER,Outside,Pop
Nadir,TENDER,Modern Addiction,Pop
Afternoon,TENDER,Afternoon,Pop
Vow,TENDER,Modern Addiction,Pop
Crawl,TENDER,Modern Addiction,Pop
Stay The Night,Claptone,Fantast,Pop
Know You Better,LEISURE,Leisure,Pop
All over You,LEISURE,Leisure,Pop
Money,LEISURE,Money,Pop
Her,Her,Her Tape #1,Pop
Last Dance,Rhye,Woman,Pop
Open,Rhye,Woman,Pop
Song For You,Rhye,Blood,Pop
Blood Knows,Rhye,Blood,Pop
Taste,Rhye,Blood,Pop
The Fall,Rhye,Woman,Pop
Count To Five,Rhye,Blood,Pop
3 Days,Rhye,Woman,Pop
bad guy,Billie Eilish,"WHEN WE ALL FALL ASLEEP, WHERE DO WE GO?",Pop
everything i wanted,Billie Eilish,everything i wanted,Pop
bury a friend,Billie Eilish,"WHEN WE ALL FALL ASLEEP, WHERE DO WE GO?",Pop
you should see me in a crown,Billie Eilish,"WHEN WE ALL FALL ASLEEP, WHERE DO WE GO?",Pop
all the good girls go to hell,Billie Eilish,"WHEN WE ALL FALL ASLEEP, WHERE DO WE GO?",Pop
You'd Gotta Be Alive,St Francis Hotel,You'd Gotta Be Alive,Pop
Too Much,Pale,Too Much,Pop
You Are the Right One,Sports,Naked All the Time,Pop
Stones,Emmit Fenn,Prologue,Pop
Easy,Son Lux,Lanterns,Pop
Photomaton,Jabberwocky,Pola,Pop
With You,Beasts With No Name,Sleeptalker,Pop
American Funeral,Alex Da Kid,American Funeral,Pop
Somewhere Tonight,Beach House,Thank Your Lucky Stars,Pop
Chainsmoking,Jacob Banks,The Boy Who Cried Freedom,Pop
Firefight,Tommy,Firefight,Pop
Nightcall,Kavinsky,OutRun,Pop
sickly sweet,iiola,sickly sweet,Pop
You're so Cold,Two Feet,First Steps,Pop
Had Some Drinks,Two Feet,Had Some Drinks,Pop
Love Is a Bitch,Two Feet,Love Is a Bitch,Pop
Her Life,Two Feet,First Steps,Pop
Go Fuck Yourself,Two Feet,First Steps,Pop
Quick Musical Doodles,Two Feet,First Steps,Pop
When Your Heart Is A Stranger,Friends In Paris,When Your Heart Is A Stranger,Pop
Nothing's Gonna Hurt You Baby,Cigarettes After Sex,I.,Pop
Each Time You Fall in Love,Cigarettes After Sex,Each Time You Fall in Love,Pop
Affection,Cigarettes After Sex,Affection,Pop
PPP,Beach House,Depression Cherry,Pop
Thirsty,Geoffroy,Coastline,Pop
lucid,slenderbodies,lucid,Pop
Life Itself,Glass Animals,How To Be A Human Being,Pop
The Sinner,Isaac Delusion,Rust & Gold,Pop
Good Love,Zola Blood,Infinite Games,Pop
Slip,Elliot Moss,Highspeeds,Pop
Hyde,Astrid S,Hyde,Pop
High And Dry,Radiohead,Rock Ballads,Pop
Silvertongue,Young the Giant,Silvertongue,Pop
Paris 12,Linying,Paris 12,Pop
Sticky Leaves,Linying,Paris 12,Pop
drugs,EDEN,i think you think too much of me,Pop
Miss You,James Hersey,Miss You,Pop
Speak Easy,Mansionair,Pick Me Up,Pop
Gemini Feed,BANKS,Gemini Feed,Pop
Easy Ride,Natali Felicia,Easy Ride,Pop
Here with Me,Susie Suh,Here with Me,Pop
Dust,Hana Oceans,Dust,Pop
Hurts So Good,Astrid S,Astrid S,Pop
Capsize,FRENSHIP,Capsize,Pop
Stretch Your Eyes,Agnes Obel,Citizen of Glass,Pop
Familiär,Agnes Obel,Citizen of Glass,Pop
Red Virgin Soil,Agnes Obel,Citizen of Glass,Pop
It's Happening Again,Agnes Obel,Citizen of Glass,Pop
Stone,Agnes Obel,Citizen of Glass,Pop
Trojan Horses,Agnes Obel,Citizen of Glass,Pop
Citizen of Glass,Agnes Obel,Citizen of Glass,Pop
Golden Green,Agnes Obel,Citizen of Glass,Pop
Grasshopper,Agnes Obel,Citizen of Glass,Pop
Mary,Agnes Obel,Citizen of Glass,Pop
The End,Daughter,The End,Pop
Lovesick,BANKS,The Altar,Pop
Haunt,BANKS,The Altar,Pop
Gemini Feed,BANKS,The Altar,Pop
Fuck With Myself,BANKS,The Altar,Pop
Mind Games,BANKS,The Altar,Pop
Trainwreck,BANKS,The Altar,Pop
This Is Not About Us,BANKS,The Altar,Pop
Weaker Girl,BANKS,The Altar,Pop
Mother Earth,BANKS,The Altar,Pop
Judas,BANKS,The Altar,Pop
Poltergeist,BANKS,The Altar,Pop
To The Hilt,BANKS,The Altar,Pop
27 Hours,BANKS,The Altar,Pop
True Colours,Tom Odell,True Colours,Pop
Rhythm & Blues,The Head and the Heart,Rhythm & Blues,Pop
Safe Dream,Tep No,Safe Dream,Pop
On Hold,The xx,On Hold,Pop
Empty Streets,Kota Banks,Empty Streets,Pop
Miss You,Gabrielle Aplin,Miss You,Pop
Dog Years,Maggie Rogers,Dog Years,Pop
Sorry,Aquilo,Sorry,Pop
Tunnels,MS MR,How Does It Feel,Pop
Caged,Charlene Soraia,Love is The Law (Deluxe Edition),Pop
Speeding,Lights,Little Machines,Pop
Still In Love With You,Norma Jean Martine,Still In Love With You,Pop
Swallow Your Pride,Rhys,Swallow Your Pride,Pop
Seventeen,Sjowgren,Seventeen,Pop
"The Climb, the Fall",Luke Thompson,Strum Strum,Pop
Let It All Go,Birdy,Let It All Go,Pop
Wolf,Skott,Wolf,Pop
Echoes,Dontcry,Echoes,Rap
Bak Pak,Lunchmoney,Bak Pak,Rap
Cocktails,Syndrome,Idolz,Rap
Beginnings,Knowmadic,Strays,Rap
Lavender,Casiio,Lavender,Rap
Summertime,Musqitone,Summertime,Rap
Not the Same,twuan,Days Come N Go,Rap
bedroom,Smeyeul.,Bedroom Skits,Rap
Blue and Green,Harris Cole,Colors,Rap
With Tim,Guustavv,With Tim,Rap
Circles,Snaer.,Lazy.Files,Rap
Analog,leaf beach,Arrival,Rap
Lakshmana,Made in M,Nest,Rap
97,Bertholet,97,Rap
balcony view,Leavv,essence,Rap
Red Tide,xJK.,Red Tide,Rap
Slam,Onyx,Bacdafucup,Rap
Mass Appeal,Gang Starr,Hard To Earn,Rap
Real Hip-Hop,Das EFX,Hold It Down,Rap
Bucktown,Smif-N-Wessun,Dah Shinin',Rap
They Want EFX,Das EFX,Dead Serious,Rap
Panda,Desiigner,Panda,Rap
Gone Ride With Me,Juvenile,400 Degreez,Rap
Flossin' Season,Juvenile,400 Degreez,Rap
Rich Niggaz,Juvenile,400 Degreez,Rap
Slow Motion,DJ Dow Jones,Da Realest,Rap
Enemy Turf,Juvenile,Juve The Great,Rap
Rodeo,Juvenile,Reality Check,Rap
Get Back,Ludacris,The Red Light District,Rap
Saturday (Oooh! Ooooh!),Ludacris,Word Of Mouf,Rap
Two Miles An Hour,Ludacris,The Red Light District,Rap
Pass Out,Ludacris,The Red Light District,Rap
Pimpin' All Over The World,Ludacris,The Red Light District,Rap
For All My Ladies,Trick Daddy,THUGS ARE US,Rap
Make 'Em Say Ugh,Master P,Ghetto D,Rap
I Miss My Homies,Master P,Ghetto D,Rap
I Need A Hot Girl,Hot Boys,Guerrilla Warfare,Rap
Ridin,Hot Boys,Guerrilla Warfare,Rap
We On Fire,Hot Boys,Guerrilla Warfare,Rap
You Dig,Hot Boys,Guerrilla Warfare,Rap
Havin Thangs,Big Mike,Somethin' Serious,Rap
Somethin Serious,Big Mike,Somethin' Serious,Rap
Anotha Day Anotha Balla,South Circle,Anotha Day Anotha Balla,Rap
It's Going Down,South Circle,Anotha Day Anotha Balla,Rap
Guess Who's Back,Scarface,Greatest Hits,Rap
No Tears,Scarface,The Diary,Rap
Po Pimp,Do Or Die,Picture This,Rap
Shake Ya Ass,Mystikal,Let's Get Ready,Rap
Definition of God,Sean Price,Imperius Rex,Rap
Crown of Thorns,Raekwon,The Wild,Rap
Visiting Hour,Raekwon,The Wild,Rap
Brown Guys,Talib Kweli,The Seven,Rap
Money Dance,Rick Ross,Black Market,Rap
Carol City,Rick Ross,Black Market,Rap
One Of Us,Rick Ross,Black Market,Rap
"Smile Mama, Smile",Rick Ross,Black Market ,Rap
Idols Become Rivals,Rick Ross,Rather You Than Me,Rap
TRap TRap TRap,Rick Ross,Rather You Than Me,Rap
I Think She Like Me,Rick Ross,Rather You Than Me,Rap
Scientology,Rick Ross,Rather You Than Me,Rap
Hood Billionaire,Rick Ross,Hood Billionaire,Rap
Quintessential,Rick Ross,Hood Billionaire,Rap
Rich Is Gangsta,Rick Ross,Mastermind,Rap
Nobody,Rick Ross,Mastermind,Rap
The Devil Is A Lie,Rick Ross,Mastermind,Rap
Sanctified,Rick Ross,Mastermind,Rap
Blessing In Disguise,Rick Ross,Mastermind,Rap
Pirates,Rick Ross,"God Forgives, I Don't",Rap
3 Kings,Rick Ross,"God Forgives, I Don't",Rap
Ashamed,Rick Ross,"God Forgives, I Don't",Rap
Maybach Music IV,Rick Ross,"God Forgives, I Don't",Rap
Sixteen,Rick Ross,"God Forgives, I Don't",Rap
Amsterdam,Rick Ross,"God Forgives, I Don't",Rap
911,Rick Ross,"God Forgives, I Don't",Rap
So Sophisticated,Rick Ross,"God Forgives, I Don't",Rap
Presidential,Rick Ross,"God Forgives, I Don't",Rap
Touch'N You,Rick Ross,"God Forgives, I Don't",Rap
Ten Jesus Pieces,Rick Ross,"God Forgives, I Don't",Rap
You The Boss,Rick Ross,You The Boss,Rap
True Colors/It's On,The Game,1992,Rap
The Juice,The Game,1992,Rap
Young Niggas,The Game,1992,Rap
The Soundtrack,The Game,1992,Rap
I Grew Up On Wu-Tang,The Game,1992,Rap
92 Bars,The Game,1992,Rap
Red Nation,The Game,The R.E.D. Album,Rap
Born In The TRap,The Game,The R.E.D. Album,Rap
Ruckus in B Minor,Wu-Tang Clan,A Better Tomorrow,Rap
40th Street Black / We Will Fight,Wu-Tang Clan,A Better Tomorrow,Rap
Keep Watch,Wu-Tang Clan,A Better Tomorrow,Rap
The Genesis of the Omega,Sean Price,Mic Tyson,Rap
Pyrex,Sean Price,Mic Tyson,Rap
Price & Shining Armor,Sean Price,Mic Tyson,Rap
Straight Music,Sean Price,Mic Tyson,Rap
Hush,Sean Price,Mic Tyson,Rap
Solomon Grundy,Sean Price,Mic Tyson,Rap
BBQ Sauce,Sean Price,Mic Tyson,Rap
Battering Bars,Sean Price,Mic Tyson,Rap
APESHIT,The Carters,EVERYTHING IS LOVE,Rap
Very Special,Wiz Khalifa,Rolling Papers 2,Rap
BLACK EFFECT,The Carters,EVERYTHING IS LOVE,Rap
LOVEHAPPY,The Carters,EVERYTHING IS LOVE,Rap
Gonna Miss You,Rapsody,Crown,Rap
Crown,Rapsody,Crown,Rap
Tina Turner,Rapsody,Crown,Rap
That New York,Fredro Starr,Made In the Streets,Rap
Everyday Hell,Fredro Starr,Made In the Streets,Rap
The Truth,Fredro Starr,Made In the Streets,Rap
This Ain't My Day,Fredro Starr,Made In the Streets,Rap
Mind Your Business,La Coka Nostra,Masters Of The Dark Arts,Rap
Electronic Funeral,La Coka Nostra,Masters Of The Dark Arts,Rap
Letter To Ouisch,La Coka Nostra,Masters Of The Dark Arts,Rap
The Eyes Of Santa Muerte,La Coka Nostra,Masters Of The Dark Arts,Rap
Murder World,La Coka Nostra,Masters Of The Dark Arts,Rap
Rubber Band Man,T.I.,TRap Muzik,Rap
Anythang,Devin The Dude,Greatest Hits,Rap
Payin' Dues,Big Moe featuring Z-Ro,City Of Syrup,Rap
The Way You Make Me Feel,DJ Screw & The Screwed Up Click,Fallen Soldiers,Rap
Turn It Up,Chamillionaire,The Sound of Revenge,Rap
Make It Rain,Fat Joe,"Me, Myself & I",Rap
Murder Man,Pastor Troy,Face Off Part II,Rap
Yeah!!!,Pastor Troy,Greatest Hits vol. 1,Rap
Well Uh Huh,Pastor Troy,Greatest Hits vol. 1,Rap
Street Law,Pastor Troy,Greatest Hits vol. 1,Rap
No Mo Play In GA,Pastor Troy,Greatest Hits vol. 1,Rap
Ridin Big,Pastor Troy,Greatest Hits vol. 1,Rap
Tell 'Em I Said That,T.I.,T.I. VS T.I.P.,Rap
Raw,T.I.,T.I. VS T.I.P.,Rap
Told You So,T.I.,King,Rap
Cry Me a River,Justin Timberlake,Justified,Rap
My Love (feat. T.I.),Justin Timberlake,FutureSex/LoveSounds Deluxe Edition,Rap
LoveStoned / I Think She Knows Interlude,Justin Timberlake,FutureSex/LoveSounds Deluxe Edition,Rap
Rider,Future,Astronaut Status,Rap
Intro,DJ Drama,TRap or Die,Rap
Make No Sense,YoungBoy Never Broke Again,AI YoungBoy 2,Rap
No Smoke,YoungBoy Never Broke Again,AI YoungBoy,Rap
Throw Your Flags Up,Pastor Troy,Face Off,Rap
Campfire Cologne,Demun Jones,Campfire Cologne,Rap
Crossroads,Adam Calhoun,AmerAcal,Rap
Born Alone,Adam Calhoun,AmerAcal,Rap
Woah,Lil Baby,Woah,Rap
My Gun Go Off,50 Cent,Curtis,Rap
Chase The Money,E-40,Practice Makes Paper,Rap
Surrounded By Hoes,50 Cent,50 Cent Is The Future,Rap
Floor Seats,Moxas,Floor Seats,Rap
I Got Swag,50 Cent,Before I Self-Destruct,Rap
Poppin' Them Thangs,G-Unit,Beg For Mercy (Explicit Version),Rap
'Till I Collapse,Eminem,The Eminem Show,Rap
Cleanin' Out My Closet,Eminem,The Eminem Show,Rap
Flowers,Jacob Tillberg,Flowers,Rap
Boomin,Moosh & Twist,Boomin,Rap
Outlaw,50 Cent,Outlaw,Rap
Boom,Snoop Dogg,Doggumentary,Rap
Da Rockwilder,Method Man,Blackout!,Rap
Dope Boys,The Game,LAX,Rap
Dope Man,N.W.A.,N.W.A. And Their Family Reunion,Rap
The City,The Game,The R.E.D. Album,Rap
Thug 4 Life,2Pac,Loyal To The Game,Rap
Toss It Up,2Pac,Greatest Hits,Rap
Still D.R.E.,Dr. Dre,2001,Rap
Fuck Tha Police,N.W.A.,Straight Outta Compton,Rap
The Next Episode,Dr. Dre,2001,Rap
Changes,2Pac,Greatest Hits,Rap
Forgot About Dre,Dr. Dre,2001,Rap
Alwayz Into Somethin',N.W.A.,Efil4zaggin,Rap
Hate It Or Love It,The Game,The Documentary,Rap
La Raza,Kid Frost,Hispanic Causing Panic,Rap
Eazy-er Said Than Dunn,Eazy-E,Eazy-Duz-It,Rap
Straight Outta Compton,N.W.A.,Straight Outta Compton,Rap
I Don't Give A Fuck,2Pac,2Pacalypse Now,Rap
VIBEZ,DaBaby,KIRK,Rap
Ransom,Lil Tecca,Ransom,Rap
Dior,Pop Smoke,Meet The Woo,Rap
I Gotcha Back,GZA,Liquid Swords,Rap
The Message,Nas,It Was Written,Rap
Slam,Onyx,Bacdafucup,Rap
Who Got Da Props,Black Moon,Enta da Stage,Rap
Only God Can Judge Me,2Pac,All Eyez On Me,Rap
Hip Hop,Dead Prez,Let's Get Free,Rap
Step Up,Pete Rock,Hip Hop Underground Soul Classics,Rap
So Much Pain,Ja Rule,Pain Is Love,Rap
Bankroll,Taz,Till Death Do Us Part III,Rap
I LIKE BLOOD,Night Lovell,GOODNIGHT LOVELL,Rap
CAN'T LOSE YOU,Night Lovell,GOODNIGHT LOVELL,Rap
WATCH ME,Night Lovell,GOODNIGHT LOVELL,Rap
THE SUN,Night Lovell,GOODNIGHT LOVELL,Rap
Deep End,Taz,Till Death Do Us Part III,Rap
Ghost Rider,Taz,Ghost Rider,Rap
BAD KID,Night Lovell,GOODNIGHT LOVELL,Rap
Chernobyl,Unaverage Gang,Chernobyl,Rap
Trust Nobody,Hippie Sabotage,Trust Nobody,Rap
PAIN,Night Lovell,GOODNIGHT LOVELL,Rap
MARY JANE,Night Lovell,GOODNIGHT LOVELL,Rap
Underworld,Unaverage Gang,Underworld,Rap
Petty,Taz,Devils Valley III,Rap
PINK WITCH / LESSON,Night Lovell,GOODNIGHT LOVELL,Rap
Mangroves,Shahmen,BAD DREAM CATCHER,Rap
Lowlife,Josh A,Lowlife,Rap
Sober,2Scratch,Sober,Rap
Fly,Prznt,Fly,Rap
Falling,Trevor Daniel,Falling,Rap
DeadInDesignerClothes,BONES,Skinny,Rap
DyingLight,BONES,DyingLight,Rap
SameOldStory,BONES,UnderTheWillowTree,Rap
In Da Club,50 Cent,Get Rich Or Die Tryin',Rap
P.I.M.P.,50 Cent,Get Rich Or Die Tryin',Rap
It Was A Good Day,Ice Cube,The Predator,Rap
Bow Down - Edit,Westside Connection,Greatest Hits,Rap
Just A Lil Bit,50 Cent,The Massacre,Rap
Window Shopper,50 Cent,Best Of 50 Cent,Rap
99 Problems,JAY-Z,The Black Album,Rap
Smile,Scarface,Greatest Hits,Rap
Disco Inferno,50 Cent,Best Of 50 Cent,Rap
Soldier Like Me,2Pac,Loyal To The Game,Rap
Old Time's Sake,Eminem,Relapse,Rap
Dear Mama,2Pac,Peace In The Ghetto,Rap
Ready Or Not,2Pac,Peace In The Ghetto,Rap
Patiently Waiting,50 Cent,Get Rich Or Die Tryin',Rap
All Eyez On Me,2Pac,All Eyez On Me,Rap
California Love,2Pac,California Love,Rap
Ghetto Gospel,2Pac,Loyal To The Game,Rap
Funkdafied,Da Brat,Funkdafied,Rap
Purple Pills,D12,Devils Night,Rap
Geld spielt keine Rolex,Olexesh,ROLEXESH,Rap
Stimulated,Tyga,Fuk Wat They Talkin Bout,Rap
Hookah,Tyga,Hookah,Rap
No Complaints,Metro Boomin,No Complaints,Rap
Stay Schemin,Rick Ross,Stay Schemin,Rap
No Limit,G-Eazy,No Limit,Rap
Gucci Gang,Lil Pump,Lil Pump,Rap
Jumpman,Drake,What A Time To Be Alive,Rap
Back To Back,Drake,Back To Back,Rap
Blessings,Big Sean,Dark Sky Paradise (Deluxe),Rap
Three,Future,SUPER SLIMEY,Rap
Feed Me Dope,Future,SUPER SLIMEY,Rap
Patek Water,Future,SUPER SLIMEY,Rap
No Cap,Future,SUPER SLIMEY,Rap
Bank Account,21 Savage,Issa Album,Rap
Never Tired,Yung Skii,Never Tired,Rap
KMT,Drake,More Life,Rap
Baby 8,YBN Nahmir,Baby 8,Rap
Too Many,Tyga,Legendary,Rap
Stash (feat. Blueface),Tyga,Legendary,Rap
On the River,Young Dolph,Gelato,Rap
What Up Gangsta,50 Cent,Get Rich Or Die Tryin',Rap
Panini - DaBaby Remix,Lil Nas X,Panini,Rap
Enrredoz,Cejaz Negraz,Diamante de Mi Barrio Doble,Rap
Rivera Loca,Zimple,Sin Corte,Rap
Mi Familia,Aerophon,Expreso Aerophon,Rap
Deja,Ali Aka Mind,Mestizo,Rap
I Felt Nothing,Prince of falls,Till We Feel Something,Rap
Gimme The Loot,Big Baby Tape,Dragonborn,Rap
I'm Good,Anfa Rose,I'm Good,Rap
High Up,Arizona Zervas,High Up,Rap
Lost Count,Walden Ash,Lost Count,Rap
The Map,Seyon,The Map,Rap
War in the East,Anonymuz,War in the East,Rap
Motorola,Anonymuz,Motorola,Rap
Go Out,Lil Toe,Go Out,Rap
Fuoh,Zotiyac,Blackball,Rap
Day 2 Day,Jay Portal,The Making of a Monster,Rap
Surf Club,SAINt JHN,Collection One,Rap
Van Gogh's Crows,Shahmen,Enter the Circle,Rap
"Okay,ButThisIsTheLastTime",BONES,Frayed,Rap
Why,anders,Twos,Rap
Rxdical Forever,Anonymuz,There Is No Threat,Rap
Yen,Night Lovell,Red Teenage Melody,Rap
Tired,Tvbuu,Thorn Depression Series,Rap
Laid to Waste,Unaverage Gang,Laid to Waste,Rap
McDonalds Rich,SAINt JHN,McDonalds Rich,Rap
Boarding Passes,Belve,Boarding Passes,Rap
Mercury: Retrograde,Ghostemane,Hexada,Rap
Symbiote,gizmo,Symbiote,Rap
Andromeda,Ghostemane,Plagues,Rap
BRAINFOOD,gizmo,BRAINFOOD,Rap
Sacrifice,gizmo,Sacrifice,Rap
Backpack,gizmo,Backpack,Rap
D(R)Own,Ghostemane,Hexada,Rap
Troll Under the Bridge,gizmo,Troll Under the Bridge,Rap
Io sono qui,Salmo,Io sono qui,Rap
Euronymous,Ghostemane,Plagues,Rap
"Okay,ButThisIsTheLastTime",BONES,Frayed,Rap
TakingOutTheTrash,BONES,UNRENDERED,Rap
Hades,Ghostemane,Hades,Rap
Nails,Ghostemane,Nails,Rap
Squeeze,Ghostemane,Hexada,Rap
No Teeth,gizmo,No Teeth,Rap
Bang Ya Fucking Head,gizmo,Blvc Svnd X Gizmo,Rap
BLUE JUICE,gizmo,BLUE JUICE,Rap
Loch Ness,gizmo,Loch Ness,Rap
Hold Uh,gizmo,Hold Uh,Rap
Bone Saw,gizmo,Bone Saw,Rap
Coffin Wave,CPsilencer,Coffin Wave,Rap
OhNo!,BONES,OhNo!,Rap
TheArtOfCremation,BONES,HermitOFEastGrandRiver,Rap
OakGroveRoad,BONES,HermitOFEastGrandRiver,Rap
WhatWasThat,BONES,HermitOFEastGrandRiver,Rap
FunnyToSeeYouHere,BONES,HermitOFEastGrandRiver,Rap
John Dee,Ghostemane,John Dee,Rap
Kybalion,Ghostemane,Kybalion,Rap
Killer,Ghostofblu,608,Rap
608,Ghostofblu,608,Rap
Eternal Dreams,Ghostofblu,608,Rap
Vengeance,Killstation,Vengeance,Rap
Claustrophobia,Killstation,Claustrophobia,Rap
Rearranged,Killstation,Rearranged,Rap
Paralax,Killstation,Paralax,Rap
Exsanguination,Killstation,Consanguinity,Rap
Mutiny,Killstation,Mutiny,Rap
Centipede,Killstation,Centipede,Rap
This World Is Sick,IC3PEAK,This World Is Sick,Rap
2:45,Auxxk,Silent EP,Rap
who is he,Auxxk,Silent EP,Rap
Sleeping,Auxxk,Simplicity,Rap
Timeless,Auxxk,Simplicity,Rap
Pound for Pound,Auxxk,Simplicity,Rap
Finger Trembling,Auxxk,Simplicity,Rap
Overload,Auxxk,Overload,Rap
1000 Rounds,Pouya,1000 Rounds,Rap
Venom,Ghostemane,Blackmage,Rap
Bury Me,Getter,Bury Me,Rap
Hack Slash,Getter,Dahlia I,Rap
2000 Rounds,Pouya,2000 Rounds,Rap
Sea Sick,Fat Nick,Sea Sick,Rap
Grain,Getter,Dahlia I,Rap
"Beware, the Sirens",Getter,Dahlia I,Rap
Kali Yuga,Ghostemane,Kali Yuga,Rap
Hexada,Ghostemane,Hexada,Rap
Caligula,Ghostemane,For the Aspiring Occultist,Rap
Niagara (feat. Lil Peep),Ghostemane,Rituals,Rap
Scrying Through Shattered Glass,Ghostemane,Blackmage,Rap
Polaris,Ghostemane,Hexada,Rap
Rapture,Ghostemane,Plagues,Rap
Blackmage,Ghostemane,Blackmage,Rap
Tartarus,Ghostemane,Tartarus,Rap
Until the Light Takes Us,Ghostemane,Plagues,Rap
As Above so Look out Below,Ghostemane,Blackmage,Rap
Swan,Ghostemane,Rituals,Rap
FIORI,Giaime,FIORI,Rap
CAPI DELLA TRap (feat. Guè Pequeno),FSK SATELLITE,FSK TRapSHIT REVENGE,Rap
Porto Cervo,Lazza,Porto Cervo,Rap
48H (feat. Sfera Ebbasta),Izi,Aletheia,Rap
Tuta Black,Paky,Tuta Black,Rap
no14 - feat. Dani Faiv,tha Supreme,23 6451,Rap
NO SPIE,FSK SATELLITE,FSK TRapSHIT,Rap
Limousine,Enzo Dong,Limousine,Rap
Follia Del Mattino,Vegas Jones,La Bella Musica,Rap
Stamm Fort (feat. Sfera Ebbasta),Luche,Stamm Fort,Rap
Esagono (feat. Salmo),Gemitaiz,Scatola Nera,Rap
Bassotto,Dark Polo Gang,Bassotto,Rap
Mitsubishi,Orochi,Mitsubishi,Rap
Love And Choppa,NGC Daddy,Love And Choppa,Rap
Na Onda,Orochi,Na Onda,Rap
Kallidade,Kalli,Kallidade,Rap